zone_id,count,mean,std,variance,min,max,median,q25,q75,iqr,skewness,kurtosis,LocationID,Zone,Borough
1,232,1.7025862068965518,1.2317559497761426,1.5172227198089268,1,9,1.0,1.0,2.0,1.0,2.630516943722844,9.256077196675363,1,Newark Airport,EWR
2,2,1.0,0.0,0.0,1,1,1.0,1.0,1.0,0.0,,,2,Jamaica Bay,Queens
3,44,1.0227272727272727,0.15075567228888181,0.022727272727272728,1,2,1.0,1.0,1.0,0.0,6.6332495807108005,44.00000000000001,3,Allerton/Pelham Gardens,Bronx
4,576,6.505208333333333,10.75044867617768,115.57214673913043,1,70,3.0,2.0,6.0,4.0,3.6073223525394904,13.38815832905968,4,Alphabet City,Manhattan
5,53,1.0,0.0,0.0,1,1,1.0,1.0,1.0,0.0,0.0,0.0,5,Arden Heights,Staten Island
6,32,1.0,0.0,0.0,1,1,1.0,1.0,1.0,0.0,0.0,0.0,6,Arrochar/Fort Wadsworth,Staten Island
7,557,2.7073608617594256,1.6789534148346308,2.818884569184868,1,13,2.0,1.0,4.0,3.0,1.2528414503453253,2.800493298330604,7,Astoria,Queens
8,9,1.1111111111111112,0.33333333333333337,0.11111111111111112,1,2,1.0,1.0,1.0,0.0,2.9999999999999996,8.999999999999996,8,Astoria Park,Queens
9,36,1.0277777777777777,0.16666666666666663,0.02777777777777777,1,2,1.0,1.0,1.0,0.0,6.000000000000005,36.00000000000003,9,Auburndale,Queens
10,376,1.875,1.2078907235342111,1.459,1,7,1.5,1.0,2.0,1.0,1.8938199380037546,4.043283040980052,10,Baisley Park,Queens
11,36,1.1944444444444444,0.8558853209044321,0.7325396825396827,1,6,1.0,1.0,1.0,0.0,5.393494902939583,30.490556621226297,11,Bath Beach,Brooklyn
12,292,2.8904109589041096,2.6008808649823583,6.76458127383138,1,20,2.0,1.0,4.0,3.0,2.6568785040942906,10.743141470558768,12,Battery Park,Manhattan
13,596,25.610738255033556,19.477273603281564,379.36418701708874,1,80,26.0,6.0,40.0,34.0,0.4113530675573752,-0.7753585471240383,13,Battery Park City,Manhattan
14,190,1.2736842105263158,0.6496577082161125,0.42205513784461146,1,6,1.0,1.0,1.0,0.0,3.5222833045955597,17.29121093287113,14,Bay Ridge,Brooklyn
15,24,1.125,0.3378319623460881,0.11413043478260869,1,2,1.0,1.0,1.0,0.0,2.4218603014940343,4.2102659245516385,15,Bay Terrace/Fort Totten,Queens
16,41,1.0731707317073171,0.26365165488187486,0.06951219512195124,1,2,1.0,1.0,1.0,0.0,3.403869768380479,10.075999715888901,16,Bayside,Queens
17,241,1.3900414937759336,0.6749570961212468,0.455567081604426,1,4,1.0,1.0,2.0,1.0,1.7184277870165652,2.4048998556835155,17,Bedford,Brooklyn
18,90,1.1333333333333333,0.4022409138923946,0.16179775280898878,1,3,1.0,1.0,1.0,0.0,3.182925918484587,10.12924382716049,18,Bedford Park,Bronx
19,41,1.146341463414634,0.5273033097637496,0.2780487804878049,1,4,1.0,1.0,1.0,0.0,4.479415836171379,22.282841933301174,19,Bellerose,Queens
20,35,1.0,0.0,0.0,1,1,1.0,1.0,1.0,0.0,0.0,0.0,20,Belmont,Bronx
21,65,1.0461538461538462,0.21145103088313016,0.04471153846153847,1,2,1.0,1.0,1.0,0.0,4.42895895374257,18.174190244949862,21,Bensonhurst East,Brooklyn
22,90,1.0555555555555556,0.27482828596514913,0.0755305867665418,1,3,1.0,1.0,1.0,0.0,5.460687241600783,32.04494613935746,22,Bensonhurst West,Brooklyn
23,80,1.0125,0.11180339887498947,0.012499999999999997,1,2,1.0,1.0,1.0,0.0,8.944271909999163,80.00000000000007,23,Bloomfield/Emerson Hill,Staten Island
24,617,12.711507293354943,7.8987760331447,62.39066282178113,1,35,13.0,5.0,19.0,14.0,0.12084936837663668,-0.9526911196072199,24,Bloomingdale,Manhattan
25,453,2.2141280353200883,1.384354407355143,1.9164371251636092,1,8,2.0,1.0,3.0,2.0,1.3754381230342356,2.179197641315817,25,Boerum Hill,Brooklyn
26,82,1.1585365853658536,0.4835443267467184,0.23381511592893714,1,3,1.0,1.0,1.0,0.0,3.096501135811616,8.691973331578392,26,Borough Park,Brooklyn
28,206,1.3155339805825244,0.6027995308968344,0.36336727444944356,1,4,1.0,1.0,2.0,1.0,2.159271938282325,5.1451207757995245,28,Briarwood/Jamaica Hills,Queens
29,70,1.1714285714285715,0.4495224058650928,0.20207039337474123,1,3,1.0,1.0,1.0,0.0,2.70618295943954,7.002561173101241,29,Brighton Beach,Brooklyn
30,3,1.3333333333333333,0.5773502691896257,0.3333333333333333,1,2,1.0,1.0,1.5,0.5,1.7320508075688785,,30,Broad Channel,Queens
31,13,1.3076923076923077,0.48038446141526137,0.23076923076923075,1,2,1.0,1.0,2.0,1.0,0.9462118179391509,-1.339393939393939,31,Bronx Park,Bronx
32,72,1.0555555555555556,0.2306688919537699,0.05320813771517997,1,2,1.0,1.0,1.0,0.0,3.9636281535047777,14.101424917793192,32,Bronxdale,Bronx
33,457,2.673960612691466,1.715780812543039,2.9439037966908512,1,11,2.0,1.0,4.0,3.0,1.448568588454784,2.9001953331862858,33,Brooklyn Heights,Brooklyn
34,42,1.0714285714285714,0.26066118021500656,0.06794425087108014,1,2,1.0,1.0,1.0,0.0,3.452758094848011,10.415779092702172,34,Brooklyn Navy Yard,Brooklyn
35,161,1.2608695652173914,0.5064797519451639,0.25652173913043474,1,3,1.0,1.0,1.0,0.0,1.8033010437129822,2.4517536839070484,35,Brownsville,Brooklyn
36,143,1.3356643356643356,0.821747159154355,0.6752683935782529,1,5,1.0,1.0,1.0,0.0,2.780573349111991,7.492858910098061,36,Bushwick North,Brooklyn
37,230,1.517391304347826,1.0052926202483545,1.0106132523258022,1,7,1.0,1.0,2.0,1.0,2.5665284863841706,7.598452296340571,37,Bushwick South,Brooklyn
38,113,1.0884955752212389,0.3150261362142889,0.0992414664981037,1,3,1.0,1.0,1.0,0.0,3.771065400422389,14.975138572087733,38,Cambria Heights,Queens
39,219,1.4703196347031964,0.8896888375382894,0.7915462276402327,1,8,1.0,1.0,2.0,1.0,3.2260396232134645,15.968352032638576,39,Canarsie,Brooklyn
40,236,1.521186440677966,0.7687903396691155,0.591038586368554,1,5,1.0,1.0,2.0,1.0,1.4585030974024251,1.876067464813521,40,Carroll Gardens,Brooklyn
41,630,11.003174603174603,6.757906945280542,45.66930628107099,1,33,11.0,5.0,16.0,11.0,0.498102240788555,-0.19756683171539713,41,Central Harlem,Manhattan
42,610,4.131147540983607,2.6908310522206573,7.2405717515949295,1,16,4.0,2.0,6.0,4.0,1.1617910987879216,1.7813742427263501,42,Central Harlem North,Manhattan
43,644,70.66614906832298,58.67173118728248,3442.372040512736,1,245,64.0,10.75,117.25,106.5,0.44179835462432737,-0.8831305490382109,43,Central Park,Manhattan
44,34,1.1764705882352942,0.7164977208318385,0.5133689839572192,1,5,1.0,1.0,1.0,0.0,4.975736925621561,26.31716579861111,44,Charleston/Tottenville,Staten Island
45,559,6.785330948121646,4.393755693343226,19.305089092786016,1,26,6.0,3.0,9.0,6.0,0.9985937614861865,1.518151179522771,45,Chinatown,Manhattan
46,4,1.0,0.0,0.0,1,1,1.0,1.0,1.0,0.0,0.0,0.0,46,City Island,Bronx
47,83,1.0602409638554218,0.23937915584427608,0.05730238025271821,1,2,1.0,1.0,1.0,0.0,3.7648832235314447,12.474434947768273,47,Claremont/Bathgate,Bronx
48,672,118.33333333333333,61.04748015751116,3726.794833581719,14,334,114.0,80.75,146.25,65.5,0.7207279017726663,0.7981222107729966,48,Clinton East,Manhattan
49,293,1.5187713310580204,0.834091166626149,0.6957080742437702,1,5,1.0,1.0,2.0,1.0,1.8476432123732855,3.4369342669235015,49,Clinton Hill,Brooklyn
50,662,27.38368580060423,15.919072178100334,253.41685901156814,1,80,30.0,13.0,39.0,26.0,0.014100550409285893,-0.5684216598126306,50,Clinton West,Manhattan
51,140,1.4928571428571429,0.7538527285083922,0.5682939362795477,1,4,1.0,1.0,2.0,1.0,1.5578438293345258,1.9891722437454948,51,Co-Op City,Bronx
52,315,1.853968253968254,1.336983175559002,1.7875240117278333,1,8,1.0,1.0,2.0,1.0,2.0637753278383753,4.569227748178978,52,Cobble Hill,Brooklyn
53,53,1.0566037735849056,0.23329531793437605,0.05442670537010161,1,2,1.0,1.0,1.0,0.0,3.9502234147288355,14.1366588235294,53,College Point,Queens
54,44,1.1363636363636365,0.4086796147156642,0.16701902748414377,1,3,1.0,1.0,1.0,0.0,3.194692711861369,10.48794891821923,54,Columbia Street,Brooklyn
55,122,1.3278688524590163,0.6090586551951247,0.3709524454680938,1,4,1.0,1.0,2.0,1.0,1.9171234225585083,3.4898925058046935,55,Coney Island,Brooklyn
56,151,1.205298013245033,0.4942048265608364,0.2442384105960264,1,3,1.0,1.0,1.0,0.0,2.414097362488736,5.087182716014915,56,Corona,Queens
57,6,1.0,0.0,0.0,1,1,1.0,1.0,1.0,0.0,0.0,0.0,57,Corona,Queens
58,5,1.2,0.44721359549995804,0.20000000000000007,1,2,1.0,1.0,1.0,0.0,2.236067977499789,4.9999999999999964,58,Country Club,Bronx
59,2,1.5,0.7071067811865476,0.5,1,2,1.5,1.25,1.75,0.5,,,59,Crotona Park,Bronx
60,44,1.1363636363636365,0.4086796147156642,0.16701902748414374,1,3,1.0,1.0,1.0,0.0,3.19469271186137,10.487948918219233,60,Crotona Park East,Bronx
61,344,1.6453488372093024,0.9759984916998558,0.9525730558003933,1,6,1.0,1.0,2.0,1.0,1.782044489927168,3.275767653470434,61,Crown Heights North,Brooklyn
62,156,1.185897435897436,0.4515848390193062,0.2039288668320927,1,3,1.0,1.0,1.0,0.0,2.439104295078829,5.439811717155026,62,Crown Heights South,Brooklyn
63,75,1.0933333333333333,0.3739248852641662,0.13981981981981983,1,3,1.0,1.0,1.0,0.0,4.260012614620154,18.21245634098509,63,Cypress Hills,Brooklyn
64,22,1.0909090909090908,0.42640143271122094,0.18181818181818188,1,3,1.0,1.0,1.0,0.0,4.690415759823425,21.99999999999998,64,Douglaston,Queens
65,541,3.0351201478743066,1.95236452898947,3.811727254056275,1,13,3.0,2.0,4.0,2.0,1.2303710233550684,1.889976590733923,65,Downtown Brooklyn/MetroTech,Brooklyn
66,333,1.8318318318318318,1.1597966463095637,1.3451282607909112,1,7,1.0,1.0,2.0,1.0,1.9169018543035945,4.478068781738987,66,DUMBO/Vinegar Hill,Brooklyn
67,51,1.0784313725490196,0.2715243823233531,0.07372549019607842,1,2,1.0,1.0,1.0,0.0,3.231941871662578,8.788808076422063,67,Dyker Heights,Brooklyn
68,675,111.17925925925925,64.88548814758802,4210.126572150786,1,273,128.0,48.0,158.0,110.0,-0.14604756241570804,-1.0264476367312805,68,East Chelsea,Manhattan
69,147,1.3605442176870748,0.875430056595219,0.7663777839903083,1,9,1.0,1.0,1.0,0.0,5.12403559534988,39.359273458650314,69,East Concourse/Concourse Village,Bronx
70,568,21.072183098591548,13.44556210053042,180.78314019922,1,64,19.0,11.0,30.0,19.0,0.4297348472824587,-0.32727425538367294,70,East Elmhurst,Queens
71,116,1.25,0.5417363388859614,0.29347826086956524,1,3,1.0,1.0,1.0,0.0,2.1078710239971445,3.5165968017388605,71,East Flatbush/Farragut,Brooklyn
72,146,1.2602739726027397,0.5878633962896593,0.34558337269721306,1,4,1.0,1.0,1.0,0.0,2.350759494298714,5.1136394056539825,72,East Flatbush/Remsen Village,Brooklyn
73,23,1.0434782608695652,0.2085144140570748,0.04347826086956523,1,2,1.0,1.0,1.0,0.0,4.7958315233127164,23.0,73,East Flushing,Queens
74,639,9.44131455399061,5.982936721340032,35.79553181155901,1,33,9.0,4.0,13.0,9.0,0.521228352514334,-0.17015811927522684,74,East Harlem North,Manhattan
75,659,27.176024279210925,19.236236590128154,370.0327981513853,1,78,27.0,8.0,43.0,35.0,0.2655989708334154,-1.0318717180784667,75,East Harlem South,Manhattan
76,231,1.4675324675324675,0.7843759455396858,0.6152456239412761,1,5,1.0,1.0,2.0,1.0,1.8532208508070054,3.3036491518127686,76,East New York,Brooklyn
77,61,1.1311475409836065,0.34036303344446667,0.11584699453551914,1,2,1.0,1.0,1.0,0.0,2.2408775027303993,3.122884112788504,77,East New York/Pennsylvania Avenue,Brooklyn
78,101,1.2277227722772277,0.5075665102981457,0.2576237623762377,1,4,1.0,1.0,1.0,0.0,2.6688567724859404,8.995530365409362,78,East Tremont,Bronx
79,675,110.55259259259259,114.15824616557857,13032.105167600836,1,673,77.0,48.0,125.0,77.0,2.493268616914042,6.941043785049374,79,East Village,Manhattan
80,262,1.8396946564885497,1.6013250925411708,2.564242052001989,1,12,1.0,1.0,2.0,1.0,3.068019244824527,11.898125855555362,80,East Williamsburg,Brooklyn
81,74,1.135135135135135,0.3442014512209155,0.11847463902258429,1,2,1.0,1.0,1.0,0.0,2.178956530658653,2.823448503521123,81,Eastchester,Bronx
82,273,1.4175824175824177,0.7184429763578716,0.5161603102779573,1,4,1.0,1.0,2.0,1.0,1.7601698324637907,2.5873644313925026,82,Elmhurst,Queens
83,83,1.180722891566265,0.4974220937469851,0.2474287393476344,1,4,1.0,1.0,1.0,0.0,3.4023399265053107,13.756690043500093,83,Elmhurst/Maspeth,Queens
85,90,1.1,0.3016806854192959,0.09101123595505616,1,2,1.0,1.0,1.0,0.0,2.7120788891229624,5.476605131777543,85,Erasmus,Brooklyn
86,113,1.1946902654867257,0.4791809805663577,0.22961441213653608,1,4,1.0,1.0,1.0,0.0,2.9860353784505578,11.182964455862393,86,Far Rockaway,Queens
87,638,21.780564263322884,14.673809633597326,215.3206891630537,1,67,21.0,9.0,31.75,22.75,0.40784000843402257,-0.496076354109682,87,Financial District North,Manhattan
88,597,11.298157453936348,8.087288888482387,65.40424156577069,1,42,10.0,4.0,17.0,13.0,0.6075891555450171,-0.37229666185841914,88,Financial District South,Manhattan
89,205,1.3707317073170733,0.6635628368515691,0.4403156384505021,1,4,1.0,1.0,2.0,1.0,1.8577988044828022,3.1381393910555446,89,Flatbush/Ditmas Park,Brooklyn
90,674,70.54747774480713,42.06697025219852,1769.6299861993552,1,187,76.0,33.0,100.0,67.0,-0.03639152238839896,-0.9534984153732484,90,Flatiron,Manhattan
91,158,1.3860759493670887,0.6554493139153862,0.4296138031121504,1,4,1.0,1.0,2.0,1.0,1.7362173465181399,2.7549239348708694,91,Flatlands,Brooklyn
92,123,1.1869918699186992,0.4313454645286369,0.18605890976942557,1,3,1.0,1.0,1.0,0.0,2.2282107668679174,4.394774206959042,92,Flushing,Queens
93,283,1.5547703180212014,0.9184883126052567,0.8436207803924516,1,6,1.0,1.0,2.0,1.0,1.9392000760417616,3.957206687031719,93,Flushing Meadows-Corona Park,Queens
94,48,1.1041666666666667,0.3087092781885836,0.0953014184397163,1,2,1.0,1.0,1.0,0.0,2.6759382204803726,5.383377148634984,94,Fordham South,Bronx
95,238,1.415966386554622,0.7050730211191566,0.49712796511009466,1,4,1.0,1.0,2.0,1.0,1.7583834215584213,2.71501906517169,95,Forest Hills,Queens
96,10,1.1,0.31622776601683794,0.09999999999999999,1,2,1.0,1.0,1.0,0.0,3.1622776601683786,9.999999999999993,96,Forest Park/Highland Park,Queens
97,452,2.3871681415929205,2.0864070556391745,4.353094401820929,1,22,2.0,1.0,3.0,2.0,3.8191344541772847,23.90235027103046,97,Fort Greene,Brooklyn
98,25,1.24,0.6633249580710799,0.43999999999999995,1,4,1.0,1.0,1.0,0.0,3.4217962376241253,12.923839545291218,98,Fresh Meadows,Queens
99,1,2.0,,,2,2,2.0,2.0,2.0,0.0,,,99,Freshkills Park,Staten Island
100,673,72.6552748885587,37.018295504315965,1370.3542020448597,1,168,80.0,40.0,99.0,59.0,-0.23714917517449316,-0.8718756470009934,100,Garment District,Manhattan
101,39,1.1282051282051282,0.3386884284293705,0.11470985155195683,1,2,1.0,1.0,1.0,0.0,2.3141734939646237,3.5341812400635915,101,Glen Oaks,Queens
102,34,1.1764705882352942,0.4586269518104189,0.2103386809269163,1,3,1.0,1.0,1.0,0.0,2.7162876210104705,7.3266331745605076,102,Glendale,Queens
105,1,1.0,,,1,1,1.0,1.0,1.0,0.0,,,105,Governor's Island/Ellis Island/Liberty Island,Manhattan
106,115,1.2260869565217392,0.6221196021584425,0.38703279938977875,1,4,1.0,1.0,1.0,0.0,3.1420039781818803,9.975959358361594,106,Gowanus,Brooklyn
107,673,94.15750371471026,54.95822689355158,3020.4067032830962,1,228,104.0,42.0,129.0,87.0,-0.06495993762827679,-0.8047818155301796,107,Gramercy,Manhattan
108,66,1.121212121212121,0.37273011540220213,0.13892773892773894,1,3,1.0,1.0,1.0,0.0,3.2472845317287238,10.887989883016854,108,Gravesend,Brooklyn
109,4,1.0,0.0,0.0,1,1,1.0,1.0,1.0,0.0,0.0,0.0,109,Great Kills,Staten Island
112,296,2.010135135135135,1.7417793304302012,3.03379523591388,1,15,1.0,1.0,2.0,1.0,3.255031653284565,15.387722457385243,112,Greenpoint,Brooklyn
113,659,60.82701062215478,38.32916701930142,1469.125044393504,1,150,68.0,22.5,89.0,66.5,-0.11519823116024927,-1.0450805616347556,113,Greenwich Village North,Manhattan
114,665,59.0406015037594,60.02933399094716,3603.5209393966843,1,328,43.0,19.0,77.0,58.0,1.8934006293891943,3.784209923055229,114,Greenwich Village South,Manhattan
115,3,1.3333333333333333,0.5773502691896257,0.3333333333333333,1,2,1.0,1.0,1.5,0.5,1.7320508075688785,,115,Grymes Hill/Clifton,Staten Island
116,577,3.4419410745233967,2.596172739313602,6.740112892355093,1,17,3.0,2.0,4.0,2.0,1.9021872174284227,4.667989108502191,116,Hamilton Heights,Manhattan
117,97,1.2783505154639174,0.6079725192740539,0.3696305841924399,1,4,1.0,1.0,1.0,0.0,2.332202321642182,5.26798494758874,117,Hammels/Arverne,Queens
118,5,1.2,0.4472135954999579,0.2,1,2,1.0,1.0,1.0,0.0,2.2360679774997902,5.000000000000002,118,Heartland Village/Todt Hill,Staten Island
119,114,1.1754385964912282,0.40452340656843266,0.16363918646172948,1,3,1.0,1.0,1.0,0.0,2.1298686688485295,3.7121450549882646,119,Highbridge,Bronx
120,14,1.0,0.0,0.0,1,1,1.0,1.0,1.0,0.0,0.0,0.0,120,Highbridge Park,Manhattan
121,94,1.2553191489361701,0.5066476413964652,0.2566918325326012,1,3,1.0,1.0,1.0,0.0,1.871192645850292,2.75665989849422,121,Hillcrest/Pomonok,Queens
122,59,1.0847457627118644,0.2808936228404367,0.07890122735242548,1,2,1.0,1.0,1.0,0.0,3.06040811505125,7.623503202450571,122,Hollis,Queens
123,67,1.1343283582089552,0.4891403215679805,0.23925825418362737,1,4,1.0,1.0,1.0,0.0,4.333647075189469,20.576277387461502,123,Homecrest,Brooklyn
124,92,1.076086956521739,0.26659001127895315,0.07107023411371238,1,2,1.0,1.0,1.0,0.0,3.250934506168757,8.758545935228021,124,Howard Beach,Queens
125,658,21.848024316109424,12.452087929645653,155.05449380762698,1,74,23.0,12.0,30.0,18.0,0.14653396293450005,-0.23314470234872697,125,Hudson Sq,Manhattan
126,41,1.0,0.0,0.0,1,1,1.0,1.0,1.0,0.0,0.0,0.0,126,Hunts Point,Bronx
127,117,1.1282051282051282,0.3605183418372233,0.129973474801061,1,3,1.0,1.0,1.0,0.0,2.799134442798214,7.568047638426781,127,Inwood,Manhattan
128,14,1.0714285714285714,0.26726124191242434,0.07142857142857141,1,2,1.0,1.0,1.0,0.0,3.7416573867739427,14.000000000000014,128,Inwood Hill Park,Manhattan
129,350,1.5542857142857143,0.9154336837304096,0.8380188293082276,1,6,1.0,1.0,2.0,1.0,1.9461021386604416,4.093546333774579,129,Jackson Heights,Queens
130,296,1.4763513513513513,0.7676388174785473,0.5892693540998626,1,4,1.0,1.0,2.0,1.0,1.7095669778635338,2.4821948970382004,130,Jamaica,Queens
131,91,1.1978021978021978,0.4993279977414138,0.24932844932844936,1,4,1.0,1.0,1.0,0.0,3.1008011061178777,11.744192558163984,131,Jamaica Estates,Queens
132,673,196.27637444279347,115.83974327729693,13418.84612255006,1,507,200.0,108.0,286.0,178.0,0.020530683970949773,-0.8529830655776238,132,JFK Airport,Queens
133,82,1.1219512195121952,0.45515548564156133,0.20716651610960554,1,4,1.0,1.0,1.0,0.0,4.524233401823593,22.919223798379722,133,Kensington,Brooklyn
134,198,1.292929292929293,0.5918657628800202,0.3503050812695483,1,4,1.0,1.0,1.0,0.0,2.185833192237834,4.862659555535627,134,Kew Gardens,Queens
135,142,1.204225352112676,0.4382222693644134,0.19203875736689646,1,3,1.0,1.0,1.0,0.0,1.983170078226998,3.1607502814596242,135,Kew Gardens Hills,Queens
136,104,1.1730769230769231,0.40488060549377236,0.16392830470500372,1,3,1.0,1.0,1.0,0.0,2.19153676641808,4.071733694823689,136,Kingsbridge Heights,Bronx
137,671,50.970193740685545,31.005618264957388,961.3483639922592,1,172,53.0,22.5,73.0,50.5,0.21516562129116273,-0.40012701700147435,137,Kips Bay,Manhattan
138,640,132.0390625,92.7623212139034,8604.848236991393,1,426,145.5,36.75,206.25,169.5,0.04048888220158881,-0.9579284210534045,138,LaGuardia Airport,Queens
139,94,1.2340425531914894,0.5169291441824875,0.26721574010523896,1,3,1.0,1.0,1.0,0.0,2.175017545367115,3.9601984482001673,139,Laurelton,Queens
140,672,91.72470238095238,71.16430129879005,5064.357779344972,1,251,85.5,21.75,159.25,137.5,0.29643598512114117,-1.2809927820858136,140,Lenox Hill East,Manhattan
141,673,109.8781575037147,66.24885453766379,4388.910727552537,1,283,132.0,41.0,160.0,119.0,-0.2499162228022536,-1.1994198891023893,141,Lenox Hill West,Manhattan
142,671,138.5171385991058,99.90043963946492,9980.097840158374,1,503,158.0,32.0,205.0,173.0,0.30595276445234554,-0.21091468431412252,142,Lincoln Square East,Manhattan
143,653,49.26952526799388,34.54699305837646,1193.494729375511,1,135,54.0,12.0,78.0,66.0,-0.00826399904973087,-1.332129607556809,143,Lincoln Square West,Manhattan
144,650,38.646153846153844,30.605311265109364,936.6850776342302,1,147,35.0,12.25,57.75,45.5,0.8758779303267593,0.544692512998235,144,Little Italy/NoLiTa,Manhattan
145,564,4.48404255319149,3.6015726737984024,12.971325724651372,1,26,3.0,2.0,6.0,4.0,1.4593112206836398,2.872780595016711,145,Long Island City/Hunters Point,Queens
146,549,2.8615664845173043,2.2770991970766703,5.185180753327217,1,29,2.0,1.0,4.0,3.0,4.2088632486232855,35.54524603328276,146,Long Island City/Queens Plaza,Queens
147,49,1.1428571428571428,0.408248290463863,0.16666666666666666,1,3,1.0,1.0,1.0,0.0,3.0097453754410335,9.222016651248847,147,Longwood,Bronx
148,669,47.285500747384155,70.55316580866253,4977.7492056246265,1,435,24.0,13.0,50.0,37.0,3.337564118975412,11.770584241112322,148,Lower East Side,Manhattan
149,62,1.0806451612903225,0.2745122110081744,0.07535695399259648,1,2,1.0,1.0,1.0,0.0,3.157115173433431,8.232007136485294,149,Madison,Brooklyn
150,30,1.2666666666666666,0.5832922809856746,0.34022988505747126,1,3,1.0,1.0,1.0,0.0,2.1479724552132784,3.7468042366691017,150,Manhattan Beach,Brooklyn
151,653,36.89739663093415,25.467473709389687,648.5922171384549,1,98,40.0,10.0,58.0,48.0,0.030640834079841205,-1.2586151153797476,151,Manhattan Valley,Manhattan
152,557,3.509874326750449,2.447725302569653,5.991359156839699,1,15,3.0,2.0,5.0,3.0,1.29295323228056,1.9718482191747437,152,Manhattanville,Manhattan
153,30,1.0,0.0,0.0,1,1,1.0,1.0,1.0,0.0,0.0,0.0,153,Marble Hill,Manhattan
154,57,1.1228070175438596,0.33113308926626095,0.10964912280701754,1,2,1.0,1.0,1.0,0.0,2.361039132484671,3.7032727272727275,154,Marine Park/Floyd Bennett Field,Brooklyn
155,126,1.1428571428571428,0.351324026261472,0.12342857142857148,1,2,1.0,1.0,1.0,0.0,2.0659174931370146,2.304342599877611,155,Marine Park/Mill Basin,Brooklyn
156,4,1.0,0.0,0.0,1,1,1.0,1.0,1.0,0.0,0.0,0.0,156,Mariners Harbor,Staten Island
157,179,1.441340782122905,0.9543927954119396,0.9108656079342162,1,7,1.0,1.0,2.0,1.0,3.0517030495430455,10.930422237556424,157,Maspeth,Queens
158,654,39.97553516819572,30.453278264644112,927.4021570638455,1,169,37.0,17.0,56.75,39.75,1.09360890324253,1.8250461872584607,158,Meatpacking/West Village West,Manhattan
159,167,1.1377245508982037,0.3456470737245511,0.11947189957434526,1,2,1.0,1.0,1.0,0.0,2.1216245965320466,2.5314657711794504,159,Melrose South,Bronx
160,45,1.0888888888888888,0.2877990320141519,0.08282828282828283,1,2,1.0,1.0,1.0,0.0,2.989812405751102,7.259946519730981,160,Middle Village,Queens
161,675,200.50074074074075,169.8273724220652,28841.336423782832,1,648,178.0,33.0,325.0,292.0,0.5276096697444156,-0.8412549850705058,161,Midtown Center,Manhattan
162,677,150.52732644017726,110.89105710137513,12296.82654506044,1,488,155.0,43.0,221.0,178.0,0.42991358890745546,-0.5321119211171088,162,Midtown East,Manhattan
163,675,124.06222222222222,91.49058574476868,8370.52727992087,1,383,126.0,29.0,193.0,164.0,0.2951542113656023,-0.9504546864551906,163,Midtown North,Manhattan
164,674,99.20623145400593,62.060416494213165,3851.495295435205,1,249,107.0,41.0,147.75,106.75,0.02739066871428674,-1.0553583774026205,164,Midtown South,Manhattan
165,91,1.3186813186813187,0.6124472018807622,0.37509157509157504,1,4,1.0,1.0,1.5,0.5,2.0662180091870495,4.345816942474087,165,Midwood,Brooklyn
166,655,22.38167938931298,15.902732832706075,252.8969115484278,1,76,23.0,7.0,33.0,26.0,0.42462923032140526,-0.5347864013523664,166,Morningside Heights,Manhattan
167,122,1.2049180327868851,0.4969082026097894,0.2469177618208915,1,4,1.0,1.0,1.0,0.0,2.8476222595619634,9.626369186716833,167,Morrisania/Melrose,Bronx
168,274,1.6094890510948905,1.0642635391819375,1.1326568808320636,1,10,1.0,1.0,2.0,1.0,3.0168963081560043,15.264523423582538,168,Mott Haven/Port Morris,Bronx
169,86,1.244186046511628,0.6496342230848137,0.4220246238030095,1,4,1.0,1.0,1.0,0.0,3.139886498958712,10.079868458814754,169,Mount Hope,Bronx
170,674,126.12017804154303,84.71317979788621,7176.322831468997,1,329,140.0,38.25,192.0,153.75,0.04829384227640085,-1.1311270376951947,170,Murray Hill,Manhattan
171,51,1.0980392156862746,0.3608269369536767,0.13019607843137257,1,3,1.0,1.0,1.0,0.0,4.004475274299397,16.867562455378426,171,Murray Hill-Queens,Queens
172,6,1.1666666666666667,0.408248290463863,0.16666666666666666,1,2,1.0,1.0,1.0,0.0,2.449489742783178,5.999999999999998,172,New Dorp/Midland Beach,Staten Island
173,43,1.0,0.0,0.0,1,1,1.0,1.0,1.0,0.0,0.0,0.0,173,North Corona,Queens
174,103,1.233009708737864,0.597443630865439,0.35693889206167884,1,4,1.0,1.0,1.0,0.0,2.9652675273373403,9.224148058233675,174,Norwood,Bronx
175,31,1.0,0.0,0.0,1,1,1.0,1.0,1.0,0.0,0.0,0.0,175,Oakland Gardens,Queens
176,1,1.0,,,1,1,1.0,1.0,1.0,0.0,,,176,Oakwood,Staten Island
177,145,1.2551724137931035,0.5866490331728207,0.3441570881226053,1,4,1.0,1.0,1.0,0.0,2.603638829516971,7.133775572222213,177,Ocean Hill,Brooklyn
178,23,1.1304347826086956,0.45769658728016016,0.20948616600790526,1,3,1.0,1.0,1.0,0.0,3.71012861956897,13.960484158063347,178,Ocean Parkway South,Brooklyn
179,326,1.6042944785276074,0.8338123524927052,0.6952430391694194,1,5,1.0,1.0,2.0,1.0,1.3961899667440278,1.6571601957869566,179,Old Astoria,Queens
180,35,1.1142857142857143,0.32280285109067564,0.10420168067226893,1,2,1.0,1.0,1.0,0.0,2.534617694414321,4.689332844574776,180,Ozone Park,Queens
181,410,2.3073170731707315,2.0845678454185133,4.3454231021527825,1,15,2.0,1.0,3.0,2.0,2.9894715332046458,11.16090784293342,181,Park Slope,Brooklyn
182,83,1.1927710843373494,0.45419001410179144,0.2062885689097855,1,3,1.0,1.0,1.0,0.0,2.3504081689134626,5.065558247633269,182,Parkchester,Bronx
183,23,1.0869565217391304,0.2881040655200304,0.08300395256916997,1,2,1.0,1.0,1.0,0.0,3.1403996438884043,8.605442176870747,183,Pelham Bay,Bronx
184,3,1.0,0.0,0.0,1,1,1.0,1.0,1.0,0.0,0.0,,184,Pelham Bay Park,Bronx
185,51,1.0588235294117647,0.23763541031440183,0.05647058823529412,1,2,1.0,1.0,1.0,0.0,3.8646064815160996,13.461947278911559,185,Pelham Parkway,Bronx
186,674,155.15727002967358,88.36289931470068,7808.0019752999315,1,361,177.0,64.0,219.0,155.0,-0.23068509827818987,-1.0378843190978593,186,Penn Station/Madison Sq West,Manhattan
187,1,1.0,,,1,1,1.0,1.0,1.0,0.0,,,187,Port Richmond,Staten Island
188,256,1.453125,0.9810708435174292,0.9625,1,11,1.0,1.0,2.0,1.0,4.966468853795636,38.64870575434251,188,Prospect-Lefferts Gardens,Brooklyn
189,194,1.3762886597938144,0.9482214817330159,0.8991239784199563,1,11,1.0,1.0,2.0,1.0,6.182218077392622,55.811336603448694,189,Prospect Heights,Brooklyn
190,36,1.0277777777777777,0.16666666666666663,0.02777777777777777,1,2,1.0,1.0,1.0,0.0,6.000000000000005,36.00000000000003,190,Prospect Park,Brooklyn
191,127,1.3070866141732282,0.6237598620096665,0.3890763654543182,1,4,1.0,1.0,1.0,0.0,2.0652515288861952,3.7332273618193756,191,Queens Village,Queens
192,33,1.1515151515151516,0.36410954062720957,0.13257575757575757,1,2,1.0,1.0,1.0,0.0,2.0376710881920883,2.287188940092164,192,Queensboro Hill,Queens
193,468,6.4594017094017095,5.1922831540857475,26.95980435220264,1,28,5.0,2.0,10.0,8.0,1.1182167344947826,1.0622375582360193,193,Queensbridge/Ravenswood,Queens
194,69,1.0869565217391304,0.2838356211727966,0.08056265984654731,1,2,1.0,1.0,1.0,0.0,2.9973202980706573,7.191617669229612,194,Randalls Island,Manhattan
195,67,1.0746268656716418,0.26477164751518606,0.07010402532790593,1,2,1.0,1.0,1.0,0.0,3.3119976596919467,9.24450372208437,195,Red Hook,Brooklyn
196,139,1.1942446043165467,0.4945748846704233,0.24460431654676254,1,4,1.0,1.0,1.0,0.0,2.936051583675789,9.78865499940153,196,Rego Park,Queens
197,183,1.7431693989071038,1.392540886113578,1.9391701194979887,1,8,1.0,1.0,2.0,1.0,2.4193311845370586,5.745946053454128,197,Richmond Hill,Queens
198,96,1.1354166666666667,0.40052049468993056,0.16041666666666668,1,3,1.0,1.0,1.0,0.0,3.1072044463834882,9.63988053871619,198,Ridgewood,Queens
200,64,1.140625,0.5596820951388811,0.3132440476190476,1,5,1.0,1.0,1.0,0.0,5.6539808433891166,36.81698722045561,200,Riverdale/North Riverdale/Fieldston,Bronx
201,40,1.1,0.30382181012509996,0.0923076923076923,1,2,1.0,1.0,1.0,0.0,2.7717077414921394,5.979137031768607,201,Rockaway Park,Queens
202,87,1.0804597701149425,0.3132125663743877,0.09810211173483023,1,3,1.0,1.0,1.0,0.0,4.228985001223131,19.11696887027202,202,Roosevelt Island,Manhattan
203,102,1.2549019607843137,0.5748228226348183,0.3304212774218598,1,4,1.0,1.0,1.0,0.0,2.487907058694472,6.421987547153856,203,Rosedale,Queens
204,2,1.0,0.0,0.0,1,1,1.0,1.0,1.0,0.0,,,204,Rossville/Woodrow,Staten Island
205,153,1.3006535947712419,0.5511348020252759,0.30374957000344,1,4,1.0,1.0,2.0,1.0,1.9192460093631736,4.041953110715166,205,Saint Albans,Queens
206,3,1.0,0.0,0.0,1,1,1.0,1.0,1.0,0.0,0.0,,206,Saint George/New Brighton,Staten Island
207,114,1.9824561403508771,1.330263505338145,1.769600993634529,1,6,1.0,1.0,3.0,2.0,1.2494299312598198,0.5500770515260869,207,Saint Michaels Cemetery/Woodside,Queens
208,49,1.1428571428571428,0.408248290463863,0.16666666666666666,1,3,1.0,1.0,1.0,0.0,3.009745375441033,9.222016651248845,208,Schuylerville/Edgewater Park,Bronx
209,585,7.888888888888889,5.1504385000473665,26.527016742770165,1,28,7.0,4.0,11.0,7.0,0.7275421942410478,0.3213551028504802,209,Seaport,Manhattan
210,89,1.1685393258426966,0.5273422869829894,0.27808988764044945,1,5,1.0,1.0,1.0,0.0,4.930648249646493,31.633276705231207,210,Sheepshead Bay,Brooklyn
211,654,32.55351681957187,23.50346580651005,552.412904917787,1,102,31.0,12.25,50.0,37.75,0.503252876447512,-0.504882979790731,211,SoHo,Manhattan
212,40,1.05,0.22072142786315227,0.048717948717948725,1,2,1.0,1.0,1.0,0.0,4.29214521772667,17.285318559556778,212,Soundview/Bruckner,Bronx
213,158,1.2278481012658229,0.551763059288222,0.30444247359509796,1,4,1.0,1.0,1.0,0.0,2.8211244234278268,8.775040504939119,213,Soundview/Castle Hill,Bronx
214,17,1.0,0.0,0.0,1,1,1.0,1.0,1.0,0.0,0.0,0.0,214,South Beach/Dongan Hills,Staten Island
215,268,1.4328358208955223,0.7338550530328659,0.5385432388618704,1,5,1.0,1.0,2.0,1.0,1.809856036106759,3.236426267959792,215,South Jamaica,Queens
216,272,1.4852941176470589,0.7777846685724636,0.6049489906663772,1,6,1.0,1.0,2.0,1.0,2.040189008665388,5.708143451366562,216,South Ozone Park,Queens
217,81,1.0617283950617284,0.2421610524189263,0.05864197530864197,1,2,1.0,1.0,1.0,0.0,3.7113076947668078,12.07133705734638,217,South Williamsburg,Brooklyn
218,129,1.302325581395349,0.5943043617697961,0.3531976744186046,1,5,1.0,1.0,2.0,1.0,2.7382762102461125,11.336996684285065,218,Springfield Gardens North,Queens
219,169,1.21301775147929,0.6561583765823612,0.4305438151591997,1,7,1.0,1.0,1.0,0.0,5.632144417725745,41.76851992680513,219,Springfield Gardens South,Queens
220,95,1.1473684210526316,0.38505100664141306,0.14826427771556552,1,3,1.0,1.0,1.0,0.0,2.5763043312492795,6.270159874177439,220,Spuyten Duyvil/Kingsbridge,Bronx
221,2,1.0,0.0,0.0,1,1,1.0,1.0,1.0,0.0,,,221,Stapleton,Staten Island
222,91,1.1868131868131868,0.46932783879567624,0.22026862026862026,1,3,1.0,1.0,1.0,0.0,2.5601764320730998,6.035608439166131,222,Starrett City,Brooklyn
223,340,1.6411764705882352,0.8132812185509287,0.6614263404476836,1,5,1.0,1.0,2.0,1.0,1.2415764231348358,1.202334081484746,223,Steinway,Queens
224,599,6.479131886477463,4.370677826513741,19.102824663178875,1,31,6.0,3.0,9.0,6.0,1.2183076308007457,2.94600520950832,224,Stuy Town/Peter Cooper Village,Manhattan
225,220,1.3727272727272728,0.624596175061298,0.39012038190120374,1,4,1.0,1.0,2.0,1.0,1.6845291555025663,2.624130869148112,225,Stuyvesant Heights,Brooklyn
226,591,4.006768189509306,2.733958738744217,7.474530385155869,1,21,3.0,2.0,5.0,3.0,1.523854478813975,3.800993626379549,226,Sunnyside,Queens
227,56,1.0535714285714286,0.227207782928703,0.05162337662337663,1,2,1.0,1.0,1.0,0.0,4.075238594341982,15.147607557717915,227,Sunset Park East,Brooklyn
228,158,1.2151898734177216,0.47001520712488265,0.22091429492864634,1,3,1.0,1.0,1.0,0.0,2.1145695452378823,3.820497281761922,228,Sunset Park West,Brooklyn
229,671,86.08792846497765,52.96013443275209,2804.7758391351736,1,225,100.0,31.0,126.0,95.0,-0.197521920099562,-1.1475482832993982,229,Sutton Place/Turtle Bay North,Manhattan
230,673,144.82615156017832,97.20372154266961,9448.563481744854,1,453,143.0,58.0,205.0,147.0,0.48548262267708964,-0.4092420211513832,230,Times Sq/Theatre District,Manhattan
231,665,58.56541353383459,36.04267476734288,1299.074404384455,1,151,62.0,26.0,83.0,57.0,0.07593323075454167,-0.8051646054990478,231,TriBeCa/Civic Center,Manhattan
232,597,5.686767169179229,5.4919748438637015,30.161787685631733,1,36,4.0,2.0,7.0,5.0,2.5320892029987285,7.82615421501645,232,Two Bridges/Seward Park,Manhattan
233,667,54.09895052473763,36.47681128689445,1330.5577616597106,1,155,58.0,19.0,80.0,61.0,0.2078897248350786,-0.7895640203007832,233,UN/Turtle Bay South,Manhattan
234,665,122.2796992481203,84.96531872153238,7219.10538545158,1,321,125.0,41.0,189.0,148.0,0.11257481381136925,-1.1534579200917603,234,Union Sq,Manhattan
235,137,1.2408759124087592,0.6245651127603001,0.39008158007728644,1,5,1.0,1.0,1.0,0.0,3.4532485543531943,14.175983054938643,235,University Heights/Morris Heights,Bronx
236,667,189.29085457271364,149.53392844794928,22360.395757076414,1,562,191.0,25.0,326.5,301.5,0.12688627383821735,-1.370503798716665,236,Upper East Side North,Manhattan
237,669,201.71300448430495,151.6988472756532,23012.540264761956,1,538,219.0,37.0,335.0,298.0,0.05256607296911215,-1.361877204336821,237,Upper East Side South,Manhattan
238,667,88.50524737631184,60.905809370423285,3709.5176150663406,1,226,98.0,21.5,141.5,120.0,-0.09302590261167251,-1.4253923611708865,238,Upper West Side North,Manhattan
239,670,121.51492537313433,80.43346088794736,6469.541630412958,1,286,149.0,33.25,186.0,152.75,-0.2152985507938279,-1.359021638275204,239,Upper West Side South,Manhattan
240,10,1.1,0.31622776601683794,0.09999999999999999,1,2,1.0,1.0,1.0,0.0,3.1622776601683786,9.999999999999993,240,Van Cortlandt Park,Bronx
241,80,1.075,0.2650531353464094,0.07025316455696203,1,2,1.0,1.0,1.0,0.0,3.289132462649368,9.043929043929051,241,Van Cortlandt Village,Bronx
242,114,1.2719298245614035,0.5842336742967406,0.34132898618226987,1,4,1.0,1.0,1.0,0.0,2.314617568925638,5.371438280689681,242,Van Nest/Morris Park,Bronx
243,272,1.4558823529411764,0.8000705417130118,0.6401128717169523,1,7,1.0,1.0,2.0,1.0,2.5185978562034044,9.610038732437838,243,Washington Heights North,Manhattan
244,544,3.3878676470588234,2.212121273251117,4.893480527570144,1,13,3.0,2.0,5.0,3.0,1.0568661253656275,0.9250388083529124,244,Washington Heights South,Manhattan
245,1,1.0,,,1,1,1.0,1.0,1.0,0.0,,,245,West Brighton,Staten Island
246,662,69.64501510574019,50.01239753335734,2501.2399070345673,1,245,65.0,27.0,101.0,74.0,0.6181148307144377,-0.10328999071619727,246,West Chelsea/Hudson Yards,Manhattan
247,230,1.391304347826087,0.7784841633311709,0.6060375925574331,1,6,1.0,1.0,2.0,1.0,2.999988930855728,12.121588574594632,247,West Concourse,Bronx
248,75,1.04,0.19727878476642874,0.03891891891891892,1,2,1.0,1.0,1.0,0.0,4.791217061536268,21.52936326737697,248,West Farms/Bronx River,Bronx
249,672,98.42261904761905,85.39706483742405,7292.658682847208,1,457,77.0,48.0,120.0,72.0,1.7615387929753805,3.4431485725931936,249,West Village,Manhattan
250,61,1.1475409836065573,0.5110794319793642,0.2612021857923496,1,4,1.0,1.0,1.0,0.0,4.113446125664471,18.474261130189156,250,Westchester Village/Unionport,Bronx
251,1,1.0,,,1,1,1.0,1.0,1.0,0.0,,,251,Westerleigh,Staten Island
252,38,1.105263157894737,0.3110117477759048,0.09672830725462302,1,2,1.0,1.0,1.0,0.0,2.6794271897850632,5.464495798319332,252,Whitestone,Queens
253,7,1.1428571428571428,0.37796447300922725,0.14285714285714288,1,2,1.0,1.0,1.0,0.0,2.6457513110645903,7.000000000000002,253,Willets Point,Queens
254,101,1.1386138613861385,0.40074188626339097,0.16059405940594057,1,3,1.0,1.0,1.0,0.0,3.0203108228093503,9.07308771921145,254,Williamsbridge/Olinville,Bronx
255,342,3.4883040935672516,4.491586535750556,20.17434960813568,1,41,2.0,1.0,4.0,3.0,3.5168308434218565,18.115826912741333,255,Williamsburg (North Side),Brooklyn
256,360,2.441666666666667,2.5005709654403616,6.252855153203343,1,22,2.0,1.0,3.0,2.0,3.2414089587503945,14.934451817509537,256,Williamsburg (South Side),Brooklyn
257,59,1.0677966101694916,0.2535545088414485,0.06428988895382819,1,2,1.0,1.0,1.0,0.0,3.5287751189814403,10.818010936431985,257,Windsor Terrace,Brooklyn
258,67,1.1194029850746268,0.32670940009765015,0.10673903211216645,1,2,1.0,1.0,1.0,0.0,2.4015696652158507,3.8825823011734037,258,Woodhaven,Queens
259,68,1.1470588235294117,0.3964283030678084,0.15715539947322216,1,3,1.0,1.0,1.0,0.0,2.749282375759541,7.469000797273948,259,Woodlawn/Wakefield,Bronx
260,358,1.6843575418994414,1.1318317646692855,1.281043143514389,1,14,1.0,1.0,2.0,1.0,4.583590414568137,40.30553818333315,260,Woodside,Queens
261,635,19.31023622047244,14.733483158077334,217.07552596934846,1,62,16.0,6.0,31.0,25.0,0.5260410550980975,-0.742843989887477,261,World Trade Center,Manhattan
262,657,61.99391171993912,46.25848596584146,2139.847523851951,1,174,63.0,15.0,101.0,86.0,0.2043641678227851,-1.1789904470881867,262,Yorkville East,Manhattan
263,672,88.65922619047619,50.63420382818207,2563.8225973138883,1,231,103.0,43.0,125.0,82.0,-0.20672749741772908,-0.9452181557168409,263,Yorkville West,Manhattan
264,670,52.177611940298505,31.037126718598557,963.3032349463444,1,136,56.0,23.25,75.0,51.75,-0.025007351305357566,-0.8523789171855247,264,,Unknown
265,616,4.212662337662338,2.768328788736396,7.663644282546721,1,15,3.0,2.0,6.0,4.0,1.004689685514732,0.6186663932259346,265,Outside of NYC,
