PULocationID,mean,std,median,p25,p75,p95
1,1.9591558883594282,1.2762582960708861,2.0,1.0,2.0,4.0
2,1.0707070707070707,0.3274055480725374,1.0,1.0,1.0,1.0999999999999943
3,1.1742112482853224,0.47573253339723554,1.0,1.0,1.0,2.0
4,16.300276115968707,16.059463628428844,12.0,8.0,19.0,44.0
5,1.0319488817891374,0.20939864433741728,1.0,1.0,1.0,1.0
6,1.0928270042194093,0.3316484629792451,1.0,1.0,1.0,2.0
7,13.421948155761106,6.9975188251364395,12.0,9.0,17.0,26.0
8,1.111324376199616,0.37332575000983753,1.0,1.0,1.0,2.0
9,1.0936902485659656,0.3256474678854809,1.0,1.0,1.0,2.0
10,4.0515987374777,3.1977680349788185,3.0,2.0,5.0,10.0
11,1.1525885558583107,0.4516284903403401,1.0,1.0,1.0,2.0
12,5.947842884739215,5.5121402742728955,4.0,2.0,8.0,17.0
13,84.70823286255597,57.10407580106814,97.0,23.0,129.0,168.0
14,1.6601043643263758,0.9936846314980287,1.0,1.0,2.0,4.0
15,1.187150837988827,0.47430007446519995,1.0,1.0,1.0,2.0
16,1.2229607250755288,0.5312071833216616,1.0,1.0,1.0,2.0
17,2.250039240307644,1.566159372156522,2.0,1.0,3.0,5.0
18,1.2163934426229508,0.5103136380132561,1.0,1.0,1.0,2.0
19,1.2063492063492063,0.5747239465388265,1.0,1.0,1.0,2.0
20,1.1454248366013071,0.3879990169978605,1.0,1.0,1.0,2.0
21,1.3887113951011714,0.7848596213593577,1.0,1.0,2.0,3.0
22,1.3492326835338033,0.6829111715608019,1.0,1.0,2.0,3.0
23,1.0890151515151516,0.3283455389355494,1.0,1.0,1.0,2.0
24,28.580045871559633,17.427542814050746,29.0,14.0,40.0,59.0
25,8.254959159859977,5.585080845172457,7.0,4.0,11.0,19.0
26,1.5963712076145151,0.9692191786919064,1.0,1.0,2.0,3.0
27,1.1160714285714286,0.37357623326330874,1.0,1.0,1.0,2.0
28,1.975166142007695,1.240565134424161,2.0,1.0,2.0,4.0
29,1.3365676167374165,0.6536886435179056,1.0,1.0,2.0,3.0
30,1.0120481927710843,0.10976425998969036,1.0,1.0,1.0,1.0
31,1.1087420042643923,0.3564250253287354,1.0,1.0,1.0,2.0
32,1.278840579710145,0.5874152361023948,1.0,1.0,1.0,2.0
33,10.241272207727668,7.745384771592308,9.0,5.0,14.0,25.0
34,1.2522875816993464,0.6066003828735381,1.0,1.0,1.0,2.0
35,1.7608805668016194,1.187873442126571,1.0,1.0,2.0,4.0
36,2.0328853302831,2.0358077540350976,1.0,1.0,2.0,6.0
37,2.2626296989283894,1.9780395118538467,2.0,1.0,3.0,6.0
38,1.1723636363636363,0.4579476224172335,1.0,1.0,1.0,2.0
39,1.8674517664745678,1.2848531492564228,1.0,1.0,2.0,5.0
40,4.85723798108936,5.096732883289826,3.0,2.0,6.0,16.0
41,36.36530775379696,20.619611663752462,35.0,22.0,48.0,74.0
42,15.950870361887311,9.944433427820274,14.0,9.0,20.0,35.0
43,150.38129084030723,113.09248164476129,153.0,34.0,244.0,330.0
44,1.0589812332439679,0.3618293309014975,1.0,1.0,1.0,1.0
45,19.099084292087344,11.821975887013688,20.0,9.0,27.75,38.0
46,1.103846153846154,0.34144906880450926,1.0,1.0,1.0,2.0
47,1.240495137046861,0.5456476682864694,1.0,1.0,1.0,2.0
48,305.4124900102751,143.30511060004628,295.0,220.0,386.0,572.0
49,2.7322710307206433,1.9812359355580518,2.0,1.0,4.0,7.0
50,84.62011874857274,47.39488484673556,90.0,47.0,114.0,158.0
51,1.6225143242332323,1.0122673126798252,1.0,1.0,2.0,4.0
52,5.816393893549718,6.109656886381653,4.0,2.0,7.0,19.0
53,1.1051817478731631,0.36027088437868293,1.0,1.0,1.0,2.0
54,1.2748166259168705,0.6222996680275203,1.0,1.0,1.0,2.0
55,1.3669354838709677,0.7510577745324578,1.0,1.0,2.0,3.0
56,1.5793809841906035,0.8758642793765262,1.0,1.0,2.0,3.0
57,1.0691244239631337,0.3724489378409561,1.0,1.0,1.0,1.0
58,1.0358744394618835,0.2979887875354861,1.0,1.0,1.0,1.0
59,1.0202702702702702,0.18330282719333416,1.0,1.0,1.0,1.0
60,1.1686303387334316,0.4480232949633358,1.0,1.0,1.0,2.0
61,2.752769597531903,1.9069200327447209,2.0,1.0,4.0,6.0
62,1.4917112981382301,0.8074873817788203,1.0,1.0,2.0,3.0
63,1.2776041666666667,0.6000855328849677,1.0,1.0,1.0,2.0
64,1.140077821011673,0.5475703066175811,1.0,1.0,1.0,2.0
65,11.457860900058446,6.869585430076293,11.0,6.0,16.0,24.0
66,5.696858425132599,4.175315066816463,5.0,2.0,8.0,14.0
67,1.192619926199262,0.4927286633067054,1.0,1.0,1.0,2.0
68,232.17479164288162,112.54794892719319,250.0,143.0,309.0,405.0
69,1.6745870106358904,1.0384260604177962,1.0,1.0,2.0,4.0
70,3.145847066578774,3.1355804988007923,2.0,1.0,4.0,10.0
71,1.5952685421994885,1.0405297988851356,1.0,1.0,2.0,4.0
72,1.6315638450502152,1.0447682762990413,1.0,1.0,2.0,4.0
73,1.1108490566037736,0.5047998792200464,1.0,1.0,1.0,2.0
74,36.96711577985842,20.269201536541264,36.0,22.0,48.0,73.0
75,70.24523347414089,41.071767317962696,72.0,34.0,101.0,138.0
76,2.469342251950948,1.9550059385981151,2.0,1.0,3.0,6.0
77,1.3161350844277673,0.6378213125891191,1.0,1.0,1.0,3.0
78,1.3140794223826715,0.6463653273133497,1.0,1.0,1.0,3.0
79,244.30083342847357,200.78037929701887,187.0,127.0,285.0,670.1000000000004
80,4.073929961089494,4.922593133207312,2.0,1.0,4.0,15.0
81,1.279199110122358,0.6096251011027911,1.0,1.0,1.0,2.0
82,3.2827812067010957,2.2551460200060243,3.0,2.0,4.0,7.0
83,1.6273404469498691,0.9684103468780353,1.0,1.0,2.0,3.0
84,1.0943396226415094,0.29509782885030267,1.0,1.0,1.0,2.0
85,1.3825771324863885,0.7661985172828734,1.0,1.0,2.0,3.0
86,1.161660777385159,0.4752179245437887,1.0,1.0,1.0,2.0
87,68.06076527698458,41.76703243041673,70.0,32.0,95.0,141.0
88,36.60755280073462,25.482309378603667,34.0,14.0,55.0,82.0
89,2.143457698370993,1.5972069692102278,2.0,1.0,3.0,5.0
90,167.2398675647905,87.59182246198131,179.0,92.0,227.0,306.0
91,1.6969072164948453,1.096831769683928,1.0,1.0,2.0,4.0
92,1.4584055459272096,0.8062007593869847,1.0,1.0,2.0,3.0
93,3.4146622497479475,3.1423810761675384,3.0,2.0,4.0,8.0
94,1.1688424717145345,0.44686729987750107,1.0,1.0,1.0,2.0
95,2.2289430894308944,1.5631993314853663,2.0,1.0,3.0,5.0
96,1.1134020618556701,0.36010468690775194,1.0,1.0,1.0,2.0
97,7.76993247245587,6.04796398373205,6.0,4.0,10.0,19.0
98,1.15587734241908,0.4215774848531769,1.0,1.0,1.0,2.0
99,1.0,0.0,1.0,1.0,1.0,1.0
100,196.77828519237354,94.57796632326036,217.0,124.0,264.0,332.0
101,1.2434847356664185,0.5643273374937917,1.0,1.0,1.0,2.0
102,1.1467505241090146,0.4089748311857732,1.0,1.0,1.0,2.0
104,1.0,,1.0,1.0,1.0,1.0
105,1.0636363636363637,0.2801465123650932,1.0,1.0,1.0,1.5499999999999972
106,1.8351456310679612,1.1889827846940568,1.0,1.0,2.0,4.0
107,216.11040073067701,116.38489479437396,228.0,128.0,296.0,401.0
108,1.1878172588832487,0.47307215494379456,1.0,1.0,1.0,2.0
109,1.1428571428571428,0.5034443575988876,1.0,1.0,1.0,2.0
111,1.0536912751677852,0.25429379952609343,1.0,1.0,1.0,1.0
112,3.633975220182117,3.741627604860712,2.0,1.0,4.0,11.0
113,145.5019979449709,84.25367157113789,162.0,68.0,205.0,276.0
114,121.73455873958214,99.54250558901573,95.0,57.0,159.0,321.0
115,1.096551724137931,0.39658503941347817,1.0,1.0,1.0,2.0
116,11.12662300356199,6.98789429514228,10.0,6.0,14.0,24.0
117,1.1971399387129724,0.5674828644642304,1.0,1.0,1.0,2.0
118,1.0653950953678475,0.2976709120630484,1.0,1.0,1.0,2.0
119,1.3863874345549738,0.734064674405988,1.0,1.0,2.0,3.0
120,1.0822510822510822,0.33866670718615066,1.0,1.0,1.0,2.0
121,1.259970457902511,0.5493998509020275,1.0,1.0,1.0,2.0
122,1.1459923664122138,0.41996858018980326,1.0,1.0,1.0,2.0
123,1.4211274277593557,0.7655551889064438,1.0,1.0,2.0,3.0
124,1.2748051948051948,0.576582181867435,1.0,1.0,1.0,2.0
125,53.90646083476272,31.117060297458615,56.0,28.0,75.0,105.0
126,1.1989828353464718,0.6098838022522952,1.0,1.0,1.0,2.0
127,1.7076987273106614,1.0618877413954868,1.0,1.0,2.0,4.0
128,1.0674662668665666,0.319449644015404,1.0,1.0,1.0,2.0
129,4.905872602415345,3.5149712571924914,4.0,3.0,6.0,11.0
130,2.350796907053811,1.6195605579365568,2.0,1.0,3.0,5.0
131,1.3176535694521305,0.6425597908304475,1.0,1.0,1.0,3.0
132,311.5835140997831,172.38500297562496,301.0,182.0,451.0,587.0
133,1.4049844236760125,0.7842164263198078,1.0,1.0,2.0,3.0
134,1.6303086563007658,0.9409296368960842,1.0,1.0,2.0,3.0
135,1.419485791610284,0.762007682656479,1.0,1.0,2.0,3.0
136,1.304259634888438,0.6254236466245678,1.0,1.0,1.0,3.0
137,112.9590135860258,60.302868728787516,123.0,64.0,156.0,203.0
138,256.6108866175422,168.64800483721777,290.0,100.0,394.0,495.0
139,1.2984778292521508,0.6221020225773957,1.0,1.0,1.0,3.0
140,170.79333181091573,122.09469118458593,158.0,50.0,279.75,363.0
141,223.4763100810595,128.92492067776433,250.0,92.0,324.0,413.0
142,288.84906952848496,189.44555780787005,322.0,105.0,416.0,588.0
143,112.2200228832952,76.39978016909579,118.0,32.0,175.0,229.0
144,93.66419104204753,66.2926924103838,85.0,39.0,140.0,212.4499999999989
145,12.307586365201423,6.825178804888109,11.0,7.0,16.0,25.0
146,8.564429145152037,4.53452536075199,8.0,5.0,11.0,16.0
147,1.1921824104234529,0.4778716046028592,1.0,1.0,1.0,2.0
148,117.96791871218176,159.6234829607861,65.0,43.0,120.0,422.10000000000036
149,1.3293130571578395,0.697466333609603,1.0,1.0,1.0,3.0
150,1.1612903225806452,0.4471812484892833,1.0,1.0,1.0,2.0
151,84.12722704431248,54.507506091725915,91.0,29.0,127.0,169.0
152,9.668335273573923,5.97937705439286,9.0,5.0,13.0,21.0
153,1.1503164556962024,0.4262189667471186,1.0,1.0,1.0,2.0
154,1.091858037578288,0.3100757308852258,1.0,1.0,1.0,2.0
155,1.4142521534847299,0.7577052223141363,1.0,1.0,2.0,3.0
156,1.14375,0.499646101170713,1.0,1.0,1.0,2.0
157,1.5596895685916456,0.8848859248272454,1.0,1.0,2.0,3.0
158,96.5891959798995,66.90720266082847,91.0,53.0,127.0,214.0
159,1.6156485929993136,0.9452143263351007,1.0,1.0,2.0,3.0
160,1.174785100286533,0.4528772341677296,1.0,1.0,1.0,2.0
161,393.6837538531796,280.57734290674904,383.0,121.5,619.0,873.0
162,347.6160520607375,237.37284111287795,346.0,128.0,503.0,794.0
163,257.62986642310767,164.52361354498896,261.0,99.0,383.0,534.0
164,223.80602808539788,117.19533558161318,241.0,123.0,309.0,403.10000000000036
165,1.505586592178771,0.8552013843521382,1.0,1.0,2.0,3.0
166,52.21896059394631,34.42969090451401,51.0,23.0,75.0,111.0
167,1.3031161473087818,0.6318041789292297,1.0,1.0,1.0,3.0
168,2.5568406205923835,1.7525586651298088,2.0,1.0,3.0,6.0
169,1.3005050505050506,0.6057407449394048,1.0,1.0,1.0,3.0
170,296.78502112113256,174.35513069658978,325.0,131.0,438.0,547.1000000000004
171,1.1925098554533509,0.4922773844518091,1.0,1.0,1.0,2.0
172,1.06,0.3136356914300021,1.0,1.0,1.0,1.0
173,1.2953279039862837,0.6579501518319212,1.0,1.0,1.0,3.0
174,1.2746090156393743,0.5831892644817471,1.0,1.0,1.0,2.0
175,1.1438923395445135,0.38763126114237967,1.0,1.0,1.0,2.0
176,1.0689655172413792,0.25788071477756386,1.0,1.0,1.0,1.5999999999999979
177,1.443827160493827,0.7920133409257348,1.0,1.0,2.0,3.0
178,1.1831470335339638,0.4926217069685911,1.0,1.0,1.0,2.0
179,5.091051051051051,3.761654695472467,4.0,2.0,7.0,12.0
180,1.22412562455389,0.5500808732035151,1.0,1.0,1.0,2.0
181,7.918599091561081,7.895579475365013,6.0,3.0,10.0,21.0
182,1.4639858594785682,0.897194479681598,1.0,1.0,2.0,3.0
183,1.1111111111111112,0.35279906203902855,1.0,1.0,1.0,2.0
184,1.0512820512820513,0.24333570514380415,1.0,1.0,1.0,1.0
185,1.2122110254890337,0.49194487346251886,1.0,1.0,1.0,2.0
186,345.40700993264073,180.08132377003577,393.0,165.0,480.0,591.0
187,1.0588235294117647,0.2376354103144018,1.0,1.0,1.0,1.5
188,2.119607843137255,1.4067081286626424,2.0,1.0,3.0,5.0
189,2.4354122099720255,1.8909497951515681,2.0,1.0,3.0,6.0
190,1.3745364647713225,0.8562236037711956,1.0,1.0,1.0,3.0
191,1.4087530966143682,0.768905849792694,1.0,1.0,2.0,3.0
192,1.1398783666377064,0.4091131266652925,1.0,1.0,1.0,2.0
193,7.30099706744868,4.809555168654786,6.0,4.0,10.0,16.0
194,1.686458893068243,2.1832900824305064,1.0,1.0,2.0,3.0
195,1.8327239488117002,2.6663014648273227,1.0,1.0,2.0,4.0
196,1.6558505408062931,0.9342822114708864,1.0,1.0,2.0,4.0
197,1.7333174451858913,1.2651543571268673,1.0,1.0,2.0,4.0
198,1.2754342431761787,0.6137848269852086,1.0,1.0,1.0,2.0
199,1.3,0.6749485577105528,1.0,1.0,1.0,2.549999999999999
200,1.2552631578947369,0.5901082206998018,1.0,1.0,1.0,2.0
201,1.1104477611940298,0.35844571673235964,1.0,1.0,1.0,2.0
202,1.299618320610687,0.6015760192034931,1.0,1.0,1.0,2.0
203,1.3040141676505312,0.6613240507455429,1.0,1.0,1.0,3.0
204,1.12,0.33166247903554,1.0,1.0,1.0,2.0
205,1.635450421257291,1.0988253229744334,1.0,1.0,2.0,4.0
206,1.1228813559322033,0.43971190122221104,1.0,1.0,1.0,2.0
207,2.1262008733624453,1.505273669269597,2.0,1.0,3.0,5.0
208,1.1914509331727874,0.4778961192075604,1.0,1.0,1.0,2.0
209,20.3334879944322,12.796217457059472,20.0,10.0,28.0,43.0
210,1.4473905723905724,0.8196080761845094,1.0,1.0,2.0,3.0
211,75.77553825011452,51.517418856635565,75.0,29.0,114.0,163.0
212,1.2855614973262033,0.6474670408462819,1.0,1.0,1.0,3.0
213,1.6523345649983205,1.176775465225004,1.0,1.0,2.0,4.0
214,1.0465116279069768,0.24560082948121423,1.0,1.0,1.0,1.0
215,2.1345338983050848,1.4656876754305987,2.0,1.0,3.0,5.0
216,2.1477674810446503,1.4227322863415166,2.0,1.0,3.0,5.0
217,1.505993866741009,0.8922141273495537,1.0,1.0,2.0,3.0
218,1.487682832948422,0.8977586969542584,1.0,1.0,2.0,3.0
219,1.7289114860180264,1.0567587519833805,1.0,1.0,2.0,4.0
220,1.3744614179396788,0.6925529993552932,1.0,1.0,2.0,3.0
221,1.0859375,0.37704494917819475,1.0,1.0,1.0,2.0
222,1.4488117001828154,0.8529962550180094,1.0,1.0,2.0,3.0
223,5.097179058092278,3.105208270175779,5.0,3.0,7.0,11.0
224,19.181892714921528,13.19390941717163,17.0,9.0,27.0,44.0
225,1.9397116644823067,1.2858046021458702,2.0,1.0,2.0,4.0
226,13.82467978042086,7.943643960219861,12.0,9.0,17.0,29.0
227,1.212403951701427,0.48751556710190624,1.0,1.0,1.0,2.0
228,1.5873951484924054,0.9407695950109639,1.0,1.0,2.0,3.0
229,181.24717433496974,104.31857084569798,195.0,87.0,255.0,349.0
230,330.88982760589107,194.26306687300763,328.0,171.0,436.0,688.0
231,159.3559031742407,92.69795083522305,171.5,81.0,219.0,317.0
232,13.658505601108674,11.160058972497954,11.0,7.0,17.0,35.0
233,125.36842105263158,78.65777138629804,135.0,50.0,182.0,250.0
234,289.1287818244092,182.61384775999034,298.0,117.0,420.0,595.0
235,1.4521259331385914,0.8476837377233509,1.0,1.0,2.0,3.0
236,375.50998972485445,286.0812729513926,364.0,74.0,627.0,826.0
237,415.49001027514555,301.36803079216344,438.0,96.0,677.0,871.0
238,189.58168740723826,123.87597541521917,200.0,63.0,290.0,384.0
239,249.12923849754537,158.37480285759005,287.0,81.0,374.0,478.0
240,1.1154791154791155,0.3632518755015221,1.0,1.0,1.0,2.0
241,1.2496116002071465,0.6123458709322286,1.0,1.0,1.0,2.0
242,1.48876204067071,0.8525052312245435,1.0,1.0,2.0,3.0
243,2.2939740655987797,1.5755083061937294,2.0,1.0,3.0,5.0
244,10.554101019462465,6.828473774342665,10.0,6.0,14.0,23.0
245,1.0789473684210527,0.27144835701531844,1.0,1.0,1.0,2.0
246,157.87224569014728,97.53550014671819,162.0,75.0,221.0,325.0
247,2.126940324249741,1.5682160865814707,2.0,1.0,3.0,5.0
248,1.2343655130540376,0.5902894402796611,1.0,1.0,1.0,2.0
249,186.29318415344218,122.5409472476504,160.0,111.0,233.0,439.10000000000036
250,1.2889863547758285,0.6428662246135423,1.0,1.0,1.0,2.0
251,1.1650485436893203,0.4664653777085707,1.0,1.0,1.0,2.0
252,1.1576952236542835,0.5503477955940741,1.0,1.0,1.0,2.0
253,1.0803212851405624,0.3136258705563249,1.0,1.0,1.0,2.0
254,1.425768233987412,0.791708544135538,1.0,1.0,2.0,3.0
255,8.579655317360235,10.76909976751549,5.0,2.0,11.0,31.199999999999818
256,6.344652615144418,7.734030413959113,4.0,2.0,7.0,22.0
257,1.2883064516129032,0.6492186283439315,1.0,1.0,1.0,3.0
258,1.307498741821842,0.6690986364283816,1.0,1.0,1.0,3.0
259,1.251621271076524,0.6566047146836383,1.0,1.0,1.0,2.0
260,4.988966662712065,3.6215744317155325,4.0,2.0,6.0,12.0
261,56.23822619456858,38.9049214038063,55.0,18.0,89.0,118.0
262,116.35572851093052,88.88752332890802,114.0,31.0,181.0,276.0
263,176.18027172051603,96.87021635182121,192.0,87.0,247.0,323.0
264,89.74092258506508,66.36178069752751,83.0,47.0,110.0,213.14999999999964
265,5.5031379514505625,3.618128450871656,5.0,3.0,7.0,12.0
